recipe_id,recipe_name,replaced_food_id,replaced_food_name,replaced_food_quatity,subsitude_food_id,substitude_food_name,substitude_food_quantity
"""600""","""Sweet and Sour Cherry Ham Salad""","""1734""",""" ham """,45.0,"""1103""",""" dried shrimp powder """,55.57330827067669
"""445""","""Provencale Tomato and Potato Soup""","""638""",""" chicken broth """,120.0,"""311""",""" bouillon cube """,121.58576051779936
"""445""","""Provencale Tomato and Potato Soup""","""638""",""" chicken broth """,120.0,"""346""",""" broth or low-sodium bouillon """,121.58576051779936
"""445""","""Provencale Tomato and Potato Soup""","""638""",""" chicken broth """,120.0,"""790""",""" cond. reduced-sodium tomato soup """,112.82282282282283
"""445""","""Provencale Tomato and Potato Soup""","""638""",""" chicken broth """,120.0,"""1194""",""" envelope onion soup mix """,100.18666666666667
"""445""","""Provencale Tomato and Potato Soup""","""638""",""" chicken broth """,120.0,"""4108""",""" cond. onion soup """,104.36111111111111
"""445""","""Provencale Tomato and Potato Soup""","""638""",""" chicken broth """,120.0,"""4111""",""" cond. green pea soup """,84.61711711711712
"""455""","""Tomato Stuffed Potatoes""","""113""",""" bacon bits """,3.75,"""20""",""" aceto balsamico vinegar """,3.5585585585585577
"""455""","""Tomato Stuffed Potatoes""","""113""",""" bacon bits """,3.75,"""992""",""" dark barley miso """,4.759036144578312
"""455""","""Tomato Stuffed Potatoes""","""113""",""" bacon bits """,3.75,"""1666""",""" green taco sauce or Tomatillo Salsa """,2.9624999999999995
"""455""","""Tomato Stuffed Potatoes""","""113""",""" bacon bits """,3.75,"""1849""",""" Italian olive """,3.4852941176470575
"""455""","""Tomato Stuffed Potatoes""","""113""",""" bacon bits """,3.75,"""1889""",""" jumbo olive """,3.5692771084337345
"""455""","""Tomato Stuffed Potatoes""","""113""",""" bacon bits """,3.75,"""1892""",""" Kalamata olive """,4.778225806451612
"""455""","""Tomato Stuffed Potatoes""","""113""",""" bacon bits """,3.75,"""2118""",""" Louisiana-style hot sauce """,2.9624999999999995
"""455""","""Tomato Stuffed Potatoes""","""113""",""" bacon bits """,3.75,"""2439""",""" olive """,3.4852941176470575
"""455""","""Tomato Stuffed Potatoes""","""113""",""" bacon bits """,3.75,"""2440""",""" olive juice """,3.4852941176470575
"""455""","""Tomato Stuffed Potatoes""","""113""",""" bacon bits """,3.75,"""3267""",""" sorghum syrup """,3.1184210526315783
"""455""","""Tomato Stuffed Potatoes""","""113""",""" bacon bits """,3.75,"""3348""",""" super colossal olive """,3.5692771084337345
"""455""","""Tomato Stuffed Potatoes""","""113""",""" bacon bits """,3.75,"""3493""",""" tomato tapenade """,3.4852941176470575
"""455""","""Tomato Stuffed Potatoes""","""113""",""" bacon bits """,3.75,"""3689""",""" white miso """,4.759036144578312
"""455""","""Tomato Stuffed Potatoes""","""113""",""" bacon bits """,3.75,"""4023""",""" Greek olives """,3.4852941176470575
"""455""","""Tomato Stuffed Potatoes""","""113""",""" bacon bits """,3.75,"""4165""",""" dehydrated white sauce """,3.0152671755725184
"""455""","""Tomato Stuffed Potatoes""","""113""",""" bacon bits """,3.75,"""4317""",""" miso """,4.759036144578312
"""455""","""Tomato Stuffed Potatoes""","""113""",""" bacon bits """,3.75,"""4336""",""" red miso """,4.759036144578312
"""455""","""Tomato Stuffed Potatoes""","""113""",""" bacon bits """,3.75,"""4526""",""" Calamata olive """,4.610894941634241
"""458""","""Fast Pea Soup""","""2127""",""" low-fat reduced sodium chicken broth """,120.0,"""311""",""" bouillon cube """,145.0
"""458""","""Fast Pea Soup""","""2127""",""" low-fat reduced sodium chicken broth """,120.0,"""346""",""" broth or low-sodium bouillon """,145.0
"""458""","""Fast Pea Soup""","""2127""",""" low-fat reduced sodium chicken broth """,120.0,"""790""",""" cond. reduced-sodium tomato soup """,134.54954954954954
"""458""","""Fast Pea Soup""","""2127""",""" low-fat reduced sodium chicken broth """,120.0,"""1014""",""" dehydrated onion soup mix """,96.35483870967742
"""458""","""Fast Pea Soup""","""2127""",""" low-fat reduced sodium chicken broth """,120.0,"""1194""",""" envelope onion soup mix """,119.48
"""458""","""Fast Pea Soup""","""2127""",""" low-fat reduced sodium chicken broth """,120.0,"""4091""",""" cond. black bean soup """,84.85795454545455
"""458""","""Fast Pea Soup""","""2127""",""" low-fat reduced sodium chicken broth """,120.0,"""4108""",""" cond. onion soup """,124.45833333333333
"""458""","""Fast Pea Soup""","""2127""",""" low-fat reduced sodium chicken broth """,120.0,"""4111""",""" cond. green pea soup """,100.91216216216216
"""468""","""Green Apple-Tomatillo Sauce""","""660""",""" chicken stock """,78.83333333333333,"""3492""",""" tomato soup """,86.02976190476188
"""468""","""Green Apple-Tomatillo Sauce""","""660""",""" chicken stock """,78.83333333333333,"""4090""",""" cond. cream of asparagus soup """,75.27604166666664
"""468""","""Green Apple-Tomatillo Sauce""","""660""",""" chicken stock """,78.83333333333333,"""4094""",""" cond. cheese soup """,58.7520325203252
"""468""","""Green Apple-Tomatillo Sauce""","""660""",""" chicken stock """,78.83333333333333,"""4103""",""" gazpacho soup """,63.39035087719297
"""468""","""Green Apple-Tomatillo Sauce""","""660""",""" chicken stock """,78.83333333333333,"""4106""",""" cond. mushroom barley soup """,60.220833333333324
"""575""","""Vegetable Pork Stir-Fry""","""638""",""" chicken broth """,40.0,"""311""",""" bouillon cube """,48.60436893203884
"""575""","""Vegetable Pork Stir-Fry""","""638""",""" chicken broth """,40.0,"""346""",""" broth or low-sodium bouillon """,48.60436893203884
"""575""","""Vegetable Pork Stir-Fry""","""638""",""" chicken broth """,40.0,"""790""",""" cond. reduced-sodium tomato soup """,45.10135135135135
"""575""","""Vegetable Pork Stir-Fry""","""638""",""" chicken broth """,40.0,"""1014""",""" dehydrated onion soup mix """,32.29838709677419
"""575""","""Vegetable Pork Stir-Fry""","""638""",""" chicken broth """,40.0,"""1194""",""" envelope onion soup mix """,40.05
"""575""","""Vegetable Pork Stir-Fry""","""638""",""" chicken broth """,40.0,"""4091""",""" cond. black bean soup """,28.44460227272727
"""575""","""Vegetable Pork Stir-Fry""","""638""",""" chicken broth """,40.0,"""4108""",""" cond. onion soup """,41.71875
"""575""","""Vegetable Pork Stir-Fry""","""638""",""" chicken broth """,40.0,"""4111""",""" cond. green pea soup """,33.82601351351351
"""575""","""Vegetable Pork Stir-Fry""","""2710""",""" pork tenderloin """,56.875,"""155""",""" bean curd """,45.10135135135135
"""575""","""Vegetable Pork Stir-Fry""","""2710""",""" pork tenderloin """,56.875,"""1244""",""" firm tofu """,45.511363636363626
"""575""","""Vegetable Pork Stir-Fry""","""2710""",""" pork tenderloin """,56.875,"""4151""",""" cheese enchilada """,70.5105633802817
"""523""","""Quick Spanish Rice""","""4228""",""" lean ground lamb """,75.83333333333333,"""1103""",""" dried shrimp powder """,55.73754699248119
"""567""","""Oriental Pork and Beans""","""2005""",""" lean pork """,29.0,"""3478""",""" tofu or bean curd """,24.2688679245283
"""567""","""Oriental Pork and Beans""","""2005""",""" lean pork """,29.0,"""4132""",""" firm Chinese-style tofu """,30.443786982248525
"""567""","""Oriental Pork and Beans""","""2005""",""" lean pork """,29.0,"""4149""",""" cheese and bean burrito """,21.348547717842322
"""567""","""Oriental Pork and Beans""","""2005""",""" lean pork """,29.0,"""4152""",""" taco """,29.06779661016949
"""492""","""Green Bean Saute""","""2124""",""" low sodium beef broth """,226.75,"""451""",""" canned cream of celery soup """,279.54
"""492""","""Green Bean Saute""","""2124""",""" low sodium beef broth """,226.75,"""4109""",""" cond. cream of onion soup """,279.54
"""492""","""Green Bean Saute""","""2124""",""" low sodium beef broth """,226.75,"""4114""",""" cond. tomato rice soup """,225.43548387096777
"""492""","""Green Bean Saute""","""2124""",""" low sodium beef broth """,226.75,"""4116""",""" chunky vegetable soup """,285.24489795918373
"""492""","""Green Bean Saute""","""2124""",""" low sodium beef broth """,226.75,"""4119""",""" tomato bisque soup """,176.92405063291142
"""516""","""Beef Brisket""","""259""",""" boneless beef brisket """,136.5,"""4151""",""" cheese enchilada """,134.56690140845066
"""517""","""Beef and Two Pepper Stew""","""189""",""" beef tip roast """,142.1875,"""3429""",""" tempeh """,107.43796296296294
"""517""","""Beef and Two Pepper Stew""","""189""",""" beef tip roast """,142.1875,"""3478""",""" tofu or bean curd """,136.83136792452828
"""517""","""Beef and Two Pepper Stew""","""189""",""" beef tip roast """,142.1875,"""4132""",""" firm Chinese-style tofu """,171.64644970414201
"""517""","""Beef and Two Pepper Stew""","""189""",""" beef tip roast """,142.1875,"""4149""",""" cheese and bean burrito """,120.3661825726141
"""517""","""Beef and Two Pepper Stew""","""189""",""" beef tip roast """,142.1875,"""4152""",""" taco """,163.88841807909603
"""518""","""Sherried Steak Strips""","""180""",""" beef round tip steak """,116.0,"""4151""",""" cheese enchilada """,122.04225352112684
"""519""","""Steak and Pepper Sandwiches""","""180""",""" beef round tip steak """,113.75,"""1102""",""" dried shrimp """,130.50833333333333
"""521""","""Greek-Style Lamb and Bean Skillet Dinner""","""1692""",""" ground lamb """,113.75,"""3478""",""" tofu or bean curd """,86.75117924528303
"""521""","""Greek-Style Lamb and Bean Skillet Dinner""","""1692""",""" ground lamb """,113.75,"""4132""",""" firm Chinese-style tofu """,108.82396449704144
"""521""","""Greek-Style Lamb and Bean Skillet Dinner""","""1692""",""" ground lamb """,113.75,"""4152""",""" taco """,103.90536723163842
"""568""","""Southwestern Black Beans and Rice""","""1734""",""" ham """,60.0,"""1065""",""" dried frozen tofu """,67.0781089414183
"""568""","""Southwestern Black Beans and Rice""","""1734""",""" ham """,60.0,"""1102""",""" dried shrimp """,54.38916666666666
"""524""","""Zesty Lamb Taco Casserole""","""273""",""" boneless leg of lamb """,113.75,"""3429""",""" tempeh """,115.49259259259256
"""524""","""Zesty Lamb Taco Casserole""","""273""",""" boneless leg of lamb """,113.75,"""3478""",""" tofu or bean curd """,147.0896226415094
"""524""","""Zesty Lamb Taco Casserole""","""273""",""" boneless leg of lamb """,113.75,"""4149""",""" cheese and bean burrito """,129.3900414937759
"""525""","""Quick Lamb and Pasta Dinner Skillet""","""257""",""" boneless American lamb shoulder """,75.83333333333333,"""1103""",""" dried shrimp powder """,61.23433583959899
"""526""","""Microwavable Savory Lamb Potatoes""","""1693""",""" ground lean American lamb """,113.75,"""155""",""" bean curd """,128.4234234234234
"""526""","""Microwavable Savory Lamb Potatoes""","""1693""",""" ground lean American lamb """,113.75,"""1244""",""" firm tofu """,129.59090909090904
"""526""","""Microwavable Savory Lamb Potatoes""","""1693""",""" ground lean American lamb """,113.75,"""4132""",""" firm Chinese-style tofu """,84.3491124260355
"""526""","""Microwavable Savory Lamb Potatoes""","""1693""",""" ground lean American lamb """,113.75,"""4152""",""" taco """,80.53672316384178
"""527""","""Grilled Lamb with Spanish Sherry Sauce""","""1997""",""" lean American lamb leg steaks """,113.75,"""155""",""" bean curd """,82.0307807807808
"""527""","""Grilled Lamb with Spanish Sherry Sauce""","""1997""",""" lean American lamb leg steaks """,113.75,"""1244""",""" firm tofu """,82.77651515151517
"""527""","""Grilled Lamb with Spanish Sherry Sauce""","""1997""",""" lean American lamb leg steaks """,113.75,"""4151""",""" cheese enchilada """,128.2453051643193
"""528""","""Warm Moroccan Potato Lamb Salad""","""2012""",""" leg of American lamb """,87.0,"""1065""",""" dried frozen tofu """,69.21762589928059
"""529""","""Mesa Lamb and Bean Salad""","""4301""",""" cooked lean American lamb """,120.0,"""3429""",""" tempeh """,125.78009259259261
"""529""","""Mesa Lamb and Bean Salad""","""4301""",""" cooked lean American lamb """,120.0,"""4149""",""" cheese and bean burrito """,140.9154564315353
"""530""","""Mandarin Lamb with Oriental Noodles""","""267""",""" boneless fresh American leg of lamb """,113.75,"""3478""",""" tofu or bean curd """,88.51533018867923
"""530""","""Mandarin Lamb with Oriental Noodles""","""267""",""" boneless fresh American leg of lamb """,113.75,"""4132""",""" firm Chinese-style tofu """,111.0369822485207
"""530""","""Mandarin Lamb with Oriental Noodles""","""267""",""" boneless fresh American leg of lamb """,113.75,"""4152""",""" taco """,106.01836158192089
"""531""","""Lamb Tortellini Minestrone""","""4228""",""" lean ground lamb """,56.875,"""1103""",""" dried shrimp powder """,43.98378759398496
"""532""","""Stir Fry Vegetables""","""3315""",""" stew meat """,56.875,"""1103""",""" dried shrimp powder """,54.645676691729314
"""534""","""Baja Beef and Pistachio Plate""","""2001""",""" lean ground round """,113.75,"""1103""",""" dried shrimp powder """,103.26198308270678
"""537""","""Middle Eastern Meatballs""","""175""",""" Beef Ground Round """,85.3125,"""1103""",""" dried shrimp powder """,71.32166353383458
"""538""","""Braised Eye of the Round""","""172""",""" Beef Eye Round Roast """,113.75,"""155""",""" bean curd """,87.38738738738738
"""538""","""Braised Eye of the Round""","""172""",""" Beef Eye Round Roast """,113.75,"""1244""",""" firm tofu """,88.18181818181816
"""538""","""Braised Eye of the Round""","""172""",""" Beef Eye Round Roast """,113.75,"""4151""",""" cheese enchilada """,136.61971830985914
"""539""","""California Beef and Black Bean Chili""","""264""",""" beef top round """,75.83333333333333,"""1102""",""" dried shrimp """,86.94093055555557
"""540""","""Spinach Salad with Fruit and Beef""","""192""",""" beef top round steak """,113.75,"""1103""",""" dried shrimp powder """,127.21311090225566
"""541""","""Thai-Style Beef Salad""","""192""",""" beef top round steak """,85.3125,"""1103""",""" dried shrimp powder """,102.17751409774435
"""542""","""Mediterranean Beef Stew""","""258""",""" boneless beef bottom round """,113.75,"""3429""",""" tempeh """,95.98117283950617
"""542""","""Mediterranean Beef Stew""","""258""",""" boneless beef bottom round """,113.75,"""3478""",""" tofu or bean curd """,122.24017295597484
"""542""","""Mediterranean Beef Stew""","""258""",""" boneless beef bottom round """,113.75,"""4149""",""" cheese and bean burrito """,107.5307745504841
"""542""","""Mediterranean Beef Stew""","""258""",""" boneless beef bottom round """,113.75,"""4152""",""" taco """,146.41195856873824
"""543""","""Beef Fajitas""","""192""",""" beef top round steak """,113.75,"""4151""",""" cheese enchilada """,83.20422535211281
"""544""","""Beef Pizza""","""175""",""" Beef Ground Round """,85.3125,"""3429""",""" tempeh """,62.36111111111112
"""544""","""Beef Pizza""","""175""",""" Beef Ground Round """,85.3125,"""3478""",""" tofu or bean curd """,79.42216981132077
"""544""","""Beef Pizza""","""175""",""" Beef Ground Round """,85.3125,"""4132""",""" firm Chinese-style tofu """,99.63017751479293
"""544""","""Beef Pizza""","""175""",""" Beef Ground Round """,85.3125,"""4149""",""" cheese and bean burrito """,69.86514522821578
"""544""","""Beef Pizza""","""175""",""" Beef Ground Round """,85.3125,"""4152""",""" taco """,95.12711864406782
"""545""","""Beef and Spinach Pita Pockets""","""1676""",""" ground Beef Top Round """,113.75,"""1103""",""" dried shrimp powder """,115.10103383458646
"""547""","""Roast Beef Pita Bread Sandwich""","""1016""",""" deli beef """,58.0,"""155""",""" bean curd """,57.11711711711712
"""547""","""Roast Beef Pita Bread Sandwich""","""1016""",""" deli beef """,58.0,"""1244""",""" firm tofu """,57.63636363636363
"""548""","""Soft Taco""","""262""",""" boneless beef sirloin """,58.0,"""155""",""" bean curd """,69.18918918918918
"""548""","""Soft Taco""","""262""",""" boneless beef sirloin """,58.0,"""1244""",""" firm tofu """,69.8181818181818
"""548""","""Soft Taco""","""262""",""" boneless beef sirloin """,58.0,"""4132""",""" firm Chinese-style tofu """,45.443786982248525
"""548""","""Soft Taco""","""262""",""" boneless beef sirloin """,58.0,"""4152""",""" taco """,43.389830508474574
"""549""","""Sesame Potato Sticks with Oriental Beef and Peppers""","""3502""",""" top round steak """,85.3125,"""3478""",""" tofu or bean curd """,68.36674528301887
"""549""","""Sesame Potato Sticks with Oriental Beef and Peppers""","""3502""",""" top round steak """,85.3125,"""4132""",""" firm Chinese-style tofu """,85.76183431952664
"""549""","""Sesame Potato Sticks with Oriental Beef and Peppers""","""3502""",""" top round steak """,85.3125,"""4149""",""" cheese and bean burrito """,60.14004149377594
"""549""","""Sesame Potato Sticks with Oriental Beef and Peppers""","""3502""",""" top round steak """,85.3125,"""4152""",""" taco """,81.88559322033899
"""550""","""Potato Sticks with Glazed Pork and Cabbage""","""279""",""" boneless pork tenderloin """,113.75,"""3478""",""" tofu or bean curd """,80.17099056603773
"""550""","""Potato Sticks with Glazed Pork and Cabbage""","""279""",""" boneless pork tenderloin """,113.75,"""4132""",""" firm Chinese-style tofu """,100.56952662721895
"""550""","""Potato Sticks with Glazed Pork and Cabbage""","""279""",""" boneless pork tenderloin """,113.75,"""4152""",""" taco """,96.02401129943503
"""551""","""Western Pork Barbecue Supper""","""277""",""" boneless pork shoulder """,170.625,"""4151""",""" cheese enchilada """,169.92957746478876
"""552""","""Beef Jambalaya""","""175""",""" Beef Ground Round """,85.3125,"""1103""",""" dried shrimp powder """,90.593632518797
"""553""","""Gourmet Beef Burgers""","""175""",""" Beef Ground Round """,113.75,"""155""",""" bean curd """,107.56058558558564
"""553""","""Gourmet Beef Burgers""","""175""",""" Beef Ground Round """,113.75,"""1244""",""" firm tofu """,108.53840909090914
"""555""","""Summertime Beef Salad""","""4290""",""" beef sirloin steak """,113.75,"""4151""",""" cheese enchilada """,100.98591549295774
"""556""","""Apricot Relish Steak""","""4290""",""" beef sirloin steak """,113.75,"""4151""",""" cheese enchilada """,92.9225352112676
"""557""","""Meatball-Rice Soup""","""166""",""" beef broth """,320.0,"""311""",""" bouillon cube """,295.0093042071198
"""557""","""Meatball-Rice Soup""","""166""",""" beef broth """,320.0,"""346""",""" broth or low-sodium bouillon """,295.0093042071198
"""557""","""Meatball-Rice Soup""","""166""",""" beef broth """,320.0,"""790""",""" cond. reduced-sodium tomato soup """,273.7473723723724
"""557""","""Meatball-Rice Soup""","""166""",""" beef broth """,320.0,"""1194""",""" envelope onion soup mix """,243.08766666666668
"""557""","""Meatball-Rice Soup""","""166""",""" beef broth """,320.0,"""4108""",""" cond. onion soup """,253.21631944444445
"""557""","""Meatball-Rice Soup""","""166""",""" beef broth """,320.0,"""4119""",""" tomato bisque soup """,384.63238396624473
"""557""","""Meatball-Rice Soup""","""175""",""" Beef Ground Round """,56.875,"""3429""",""" tempeh """,44.92253086419755
"""557""","""Meatball-Rice Soup""","""175""",""" Beef Ground Round """,56.875,"""3478""",""" tofu or bean curd """,57.21265723270443
"""557""","""Meatball-Rice Soup""","""175""",""" Beef Ground Round """,56.875,"""4132""",""" firm Chinese-style tofu """,71.76972386587776
"""557""","""Meatball-Rice Soup""","""175""",""" Beef Ground Round """,56.875,"""4149""",""" cheese and bean burrito """,50.32814661134166
"""557""","""Meatball-Rice Soup""","""175""",""" Beef Ground Round """,56.875,"""4152""",""" taco """,68.52589453860644
"""558""","""Light and Colorful Stuffed Peppers""","""175""",""" Beef Ground Round """,113.75,"""3478""",""" tofu or bean curd """,79.99433962264156
"""558""","""Light and Colorful Stuffed Peppers""","""175""",""" Beef Ground Round """,113.75,"""4132""",""" firm Chinese-style tofu """,100.34792899408292
"""558""","""Light and Colorful Stuffed Peppers""","""175""",""" Beef Ground Round """,113.75,"""4152""",""" taco """,95.81242937853114
"""560""","""Ranch-Style Beans""","""1998""",""" lean ground beef """,45.5,"""1103""",""" dried shrimp powder """,47.07011278195489
"""564""","""Pork-Sweet Potato Stir-Fry""","""2710""",""" pork tenderloin """,94.79166666666667,"""4151""",""" cheese enchilada """,66.86408450704225
"""565""","""Sweet Potato-Sausage Casserole""","""2007""",""" lean sausage meat """,75.83333333333333,"""155""",""" bean curd """,54.23423423423424
"""565""","""Sweet Potato-Sausage Casserole""","""2007""",""" lean sausage meat """,75.83333333333333,"""1244""",""" firm tofu """,54.72727272727273
"""565""","""Sweet Potato-Sausage Casserole""","""2007""",""" lean sausage meat """,75.83333333333333,"""4151""",""" cheese enchilada """,84.78873239436622
"""566""","""Summer Beef Salad""","""192""",""" beef top round steak """,85.3125,"""1103""",""" dried shrimp powder """,100.77243890977445
"""569""","""Strawberry-Pork Salad""","""2710""",""" pork tenderloin """,56.875,"""3429""",""" tempeh """,47.21481481481481
"""569""","""Strawberry-Pork Salad""","""2710""",""" pork tenderloin """,56.875,"""3478""",""" tofu or bean curd """,60.13207547169811
"""569""","""Strawberry-Pork Salad""","""2710""",""" pork tenderloin """,56.875,"""4149""",""" cheese and bean burrito """,52.89626556016597
"""569""","""Strawberry-Pork Salad""","""2710""",""" pork tenderloin """,56.875,"""4152""",""" taco """,72.0225988700565
"""570""","""Italian Brunch Rice""","""3365""",""" sweet Italian sausage """,28.4375,"""3478""",""" tofu or bean curd """,20.567511792452827
"""570""","""Italian Brunch Rice""","""3365""",""" sweet Italian sausage """,28.4375,"""4132""",""" firm Chinese-style tofu """,25.800665680473372
"""570""","""Italian Brunch Rice""","""3365""",""" sweet Italian sausage """,28.4375,"""4152""",""" taco """,24.634533898305083
"""571""","""Kabobs with Thyme Rice""","""262""",""" boneless beef sirloin """,75.83333333333333,"""3478""",""" tofu or bean curd """,59.84276729559749
"""571""","""Kabobs with Thyme Rice""","""262""",""" boneless beef sirloin """,75.83333333333333,"""4132""",""" firm Chinese-style tofu """,75.06903353057201
"""571""","""Kabobs with Thyme Rice""","""262""",""" boneless beef sirloin """,75.83333333333333,"""4152""",""" taco """,71.67608286252356
"""572""","""Spiced Pork and Apples""","""279""",""" boneless pork tenderloin """,75.075,"""4151""",""" cheese enchilada """,52.693661971831006
"""573""","""Gingered Beef Stir Fry""","""4290""",""" beef sirloin steak """,113.75,"""3478""",""" tofu or bean curd """,85.4433962264151
"""573""","""Gingered Beef Stir Fry""","""4290""",""" beef sirloin steak """,113.75,"""4132""",""" firm Chinese-style tofu """,107.18343195266274
"""573""","""Gingered Beef Stir Fry""","""4290""",""" beef sirloin steak """,113.75,"""4152""",""" taco """,102.33898305084746
"""574""","""Five-Spice Fried Rice""","""262""",""" boneless beef sirloin """,75.075,"""155""",""" bean curd """,64.5439189189189
"""574""","""Five-Spice Fried Rice""","""262""",""" boneless beef sirloin """,75.075,"""1244""",""" firm tofu """,65.1306818181818
"""576""","""Sherried Beef""","""192""",""" beef top round steak """,85.3125,"""155""",""" bean curd """,64.6621621621622
"""576""","""Sherried Beef""","""192""",""" beef top round steak """,85.3125,"""1244""",""" firm tofu """,65.25000000000004
"""576""","""Sherried Beef""","""192""",""" beef top round steak """,85.3125,"""4151""",""" cheese enchilada """,101.09154929577473
"""577""","""Holiday Stuffed Pork Roast""","""276""",""" boneless pork loin roast """,265.4166666666667,"""1244""",""" firm tofu """,186.0909090909091
"""577""","""Holiday Stuffed Pork Roast""","""276""",""" boneless pork loin roast """,265.4166666666667,"""4151""",""" cheese enchilada """,288.3098591549296
"""578""","""Hot Hoppin' John Salad""","""1734""",""" ham """,40.0,"""1065""",""" dried frozen tofu """,37.49845837615623
"""578""","""Hot Hoppin' John Salad""","""1734""",""" ham """,40.0,"""1102""",""" dried shrimp """,30.405000000000005
"""581""","""Mock Enchilada Casserole""","""1998""",""" lean ground beef """,37.916666666666664,"""1065""",""" dried frozen tofu """,39.08735868448098
"""581""","""Mock Enchilada Casserole""","""1998""",""" lean ground beef """,37.916666666666664,"""1102""",""" dried shrimp """,31.693333333333324
"""583""","""Ham and Bean Soup""","""3226""",""" smoked ham hock """,113.75,"""1103""",""" dried shrimp powder """,96.24060150375938
"""584""","""Hearty Ribs and Bean Bake""","""2700""",""" pork country style ribs """,246.45833333333334,"""3429""",""" tempeh """,274.60209876543206
"""584""","""Hearty Ribs and Bean Bake""","""2700""",""" pork country style ribs """,246.45833333333334,"""4149""",""" cheese and bean burrito """,307.6455048409405
"""585""","""Greek-Style Beans and Lamb""","""269""",""" boneless lamb """,113.75,"""1103""",""" dried shrimp powder """,114.78226817042608
"""586""","""Lima Beans and Ham""","""268""",""" boneless ham """,56.875,"""1065""",""" dried frozen tofu """,59.52660585817061
"""586""","""Lima Beans and Ham""","""268""",""" boneless ham """,56.875,"""1102""",""" dried shrimp """,48.26615625
"""589""","""Mixed Bean Casserole""","""1734""",""" ham """,56.875,"""1065""",""" dried frozen tofu """,60.69544364508395
"""589""","""Mixed Bean Casserole""","""1734""",""" ham """,56.875,"""1102""",""" dried shrimp """,49.213888888888896
"""590""","""Mexican-Style Bean Sandwiches""","""1998""",""" lean ground beef """,28.4375,"""1065""",""" dried frozen tofu """,33.699556783144914
"""590""","""Mexican-Style Bean Sandwiches""","""1998""",""" lean ground beef """,28.4375,"""1102""",""" dried shrimp """,27.324723958333333
"""591""","""Bean Soup Romana""","""166""",""" beef broth """,236.5,"""1014""",""" dehydrated onion soup mix """,230.46879032258065
"""591""","""Bean Soup Romana""","""166""",""" beef broth """,236.5,"""1194""",""" envelope onion soup mix """,285.7813
"""591""","""Bean Soup Romana""","""166""",""" beef broth """,236.5,"""4091""",""" cond. black bean soup """,202.96967329545453
"""591""","""Bean Soup Romana""","""166""",""" beef broth """,236.5,"""4108""",""" cond. onion soup """,297.68885416666666
"""591""","""Bean Soup Romana""","""166""",""" beef broth """,236.5,"""4111""",""" cond. green pea soup """,241.3693412162162
"""592""","""Broiled Marinated Beef Top Loin""","""190""",""" beef top loin """,113.75,"""4151""",""" cheese enchilada """,115.99471830985917
"""594""","""Peppered Beef Tenderloin Bundles""","""187""",""" Beef Tenderloin """,87.0,"""155""",""" bean curd """,83.24324324324323
"""594""","""Peppered Beef Tenderloin Bundles""","""187""",""" Beef Tenderloin """,87.0,"""1244""",""" firm tofu """,83.99999999999999
"""595""","""Beef Fajitas with Fresh Tomatoes""","""1259""",""" flank steak """,113.75,"""3478""",""" tofu or bean curd """,82.08490566037736
"""595""","""Beef Fajitas with Fresh Tomatoes""","""1259""",""" flank steak """,113.75,"""4132""",""" firm Chinese-style tofu """,102.97041420118344
"""595""","""Beef Fajitas with Fresh Tomatoes""","""1259""",""" flank steak """,113.75,"""4152""",""" taco """,98.31638418079096
"""596""",""" Tomato, Pork and Pepper Kabob ""","""272""",""" boneless lean pork """,87.0,"""155""",""" bean curd """,73.35135135135133
"""596""",""" Tomato, Pork and Pepper Kabob ""","""272""",""" boneless lean pork """,87.0,"""1244""",""" firm tofu """,74.01818181818179
"""597""","""Oriental Pork""","""274""",""" boneless pork """,113.75,"""3478""",""" tofu or bean curd """,89.78773584905659
"""597""","""Oriental Pork""","""274""",""" boneless pork """,113.75,"""4132""",""" firm Chinese-style tofu """,112.63313609467457
"""597""","""Oriental Pork""","""274""",""" boneless pork """,113.75,"""4152""",""" taco """,107.54237288135592
"""598""","""Hazelnut Beef Stir Fry""","""192""",""" beef top round steak """,113.75,"""3429""",""" tempeh """,91.35185185185188
"""598""","""Hazelnut Beef Stir Fry""","""192""",""" beef top round steak """,113.75,"""3478""",""" tofu or bean curd """,116.34433962264154
"""598""","""Hazelnut Beef Stir Fry""","""192""",""" beef top round steak """,113.75,"""4132""",""" firm Chinese-style tofu """,145.94674556213025
"""598""","""Hazelnut Beef Stir Fry""","""192""",""" beef top round steak """,113.75,"""4149""",""" cheese and bean burrito """,102.344398340249
"""598""","""Hazelnut Beef Stir Fry""","""192""",""" beef top round steak """,113.75,"""4152""",""" taco """,139.35028248587577
"""599""","""Noodle-Crusted Quiche Noel""","""1995""",""" lean cooked ham """,30.0,"""1103""",""" dried shrimp powder """,35.149436090225564
"""602""","""Fruited Ham and Blueberry Salad""","""3225""",""" smoked ham """,120.0,"""155""",""" bean curd """,126.59909909909912
"""602""","""Fruited Ham and Blueberry Salad""","""3225""",""" smoked ham """,120.0,"""1244""",""" firm tofu """,127.75
"""603""",""" Hearty Roast Beef, Pear and Pea Pod Salad ""","""2794""",""" roast beef """,72.5,"""1103""",""" dried shrimp powder """,52.593984962406005
"""605""","""Tandoori Pork Saute""","""2005""",""" lean pork """,58.0,"""1103""",""" dried shrimp powder """,61.70982142857142
"""607""","""Southwest Spaghetti Pie""","""2000""",""" lean ground pork """,75.83333333333333,"""1103""",""" dried shrimp powder """,68.46992481203007
"""608""","""German Egg Noodle and Meatball Soup""","""638""",""" chicken broth """,240.0,"""4114""",""" cond. tomato rice soup """,262.6512096774194
"""608""","""German Egg Noodle and Meatball Soup""","""638""",""" chicken broth """,240.0,"""4119""",""" tomato bisque soup """,206.13132911392404
"""608""","""German Egg Noodle and Meatball Soup""","""1701""",""" ground pork """,28.4375,"""1103""",""" dried shrimp powder """,25.4781484962406
"""608""","""German Egg Noodle and Meatball Soup""","""1711""",""" ground veal """,28.4375,"""1103""",""" dried shrimp powder """,25.4781484962406
"""610""","""Fettuccine with Lamb and Mint""","""4228""",""" lean ground lamb """,113.75,"""1103""",""" dried shrimp powder """,88.27161654135338
"""611""","""Texas Chili 'n Pasta""","""168""",""" beef chuck """,85.3125,"""1103""",""" dried shrimp powder """,71.03500939849621
"""615""","""Moroccan Egg Salad""","""789""",""" condensed chicken broth """,48.333333333333336,"""1014""",""" dehydrated onion soup mix """,59.07096774193548
"""615""","""Moroccan Egg Salad""","""789""",""" condensed chicken broth """,48.333333333333336,"""4091""",""" cond. black bean soup """,52.02272727272727
"""615""","""Moroccan Egg Salad""","""789""",""" condensed chicken broth """,48.333333333333336,"""4111""",""" cond. green pea soup """,61.86486486486486
"""645""","""Broccoli Amandine""","""638""",""" chicken broth """,67.8,"""1014""",""" dehydrated onion soup mix """,73.4274193548387
"""645""","""Broccoli Amandine""","""638""",""" chicken broth """,67.8,"""4091""",""" cond. black bean soup """,64.66619318181819
"""645""","""Broccoli Amandine""","""638""",""" chicken broth """,67.8,"""4111""",""" cond. green pea soup """,76.90033783783784
"""1020""","""Healthclub Chicken Salad""","""804""",""" cooked chicken """,120.0,"""3429""",""" tempeh """,127.19598765432099
"""1020""","""Healthclub Chicken Salad""","""804""",""" cooked chicken """,120.0,"""4149""",""" cheese and bean burrito """,142.50172890733057
"""1022""","""Turkey Pot Roast""","""3551""",""" turkey thigh """,284.375,"""4151""",""" cheese enchilada """,295.7570422535211
"""1023""","""Pop's Crusty Chicken""","""3149""",""" skinless chicken thighs """,265.4166666666667,"""1103""",""" dried shrimp powder """,218.38659147869674
"""1024""","""Turkey with Orange""","""4286""",""" skinned turkey thighs """,227.5,"""3429""",""" tempeh """,159.31481481481475
"""1024""","""Turkey with Orange""","""4286""",""" skinned turkey thighs """,227.5,"""3478""",""" tofu or bean curd """,202.90094339622635
"""1024""","""Turkey with Orange""","""4286""",""" skinned turkey thighs """,227.5,"""4132""",""" firm Chinese-style tofu """,254.5266272189349
"""1024""","""Turkey with Orange""","""4286""",""" skinned turkey thighs """,227.5,"""4149""",""" cheese and bean burrito """,178.4854771784232
"""1024""","""Turkey with Orange""","""4286""",""" skinned turkey thighs """,227.5,"""4152""",""" taco """,243.02259887005644
"""1026""","""Turkey Citrus Salad""","""851""",""" cooked turkey """,120.0,"""1065""",""" dried frozen tofu """,103.1230729701953
"""1029""","""Chicken Lentil Salad""","""804""",""" cooked chicken """,60.0,"""1065""",""" dried frozen tofu """,54.809172661870505
"""1029""","""Chicken Lentil Salad""","""804""",""" cooked chicken """,60.0,"""1102""",""" dried shrimp """,44.44110416666667
"""1032""","""Turkey Ring Meatloaf""","""1708""",""" ground turkey """,113.75,"""3429""",""" tempeh """,90.35706018518518
"""1032""","""Turkey Ring Meatloaf""","""1708""",""" ground turkey """,113.75,"""3478""",""" tofu or bean curd """,115.07738797169812
"""1032""","""Turkey Ring Meatloaf""","""1708""",""" ground turkey """,113.75,"""4132""",""" firm Chinese-style tofu """,144.35743343195267
"""1032""","""Turkey Ring Meatloaf""","""1708""",""" ground turkey """,113.75,"""4149""",""" cheese and bean burrito """,101.22990145228216
"""1032""","""Turkey Ring Meatloaf""","""1708""",""" ground turkey """,113.75,"""4152""",""" taco """,137.83280367231637
"""1047""","""Apple Pie Turkey Salad""","""851""",""" cooked turkey """,90.0,"""4151""",""" cheese enchilada """,75.38333333333335
"""1062""","""Hawaiian Turkey Salad""","""851""",""" cooked turkey """,80.0,"""3429""",""" tempeh """,66.83703703703704
"""1062""","""Hawaiian Turkey Salad""","""851""",""" cooked turkey """,80.0,"""3478""",""" tofu or bean curd """,85.12264150943396
"""1062""","""Hawaiian Turkey Salad""","""851""",""" cooked turkey """,80.0,"""4149""",""" cheese and bean burrito """,74.87966804979253
"""1062""","""Hawaiian Turkey Salad""","""851""",""" cooked turkey """,80.0,"""4152""",""" taco """,101.954802259887
"""1034""","""Chicken and Rice Casserole with Summer Vegetables""","""632""",""" chicken breast """,75.83333333333333,"""155""",""" bean curd """,86.69294294294293
"""1034""","""Chicken and Rice Casserole with Summer Vegetables""","""632""",""" chicken breast """,75.83333333333333,"""1244""",""" firm tofu """,87.4810606060606
"""1034""","""Chicken and Rice Casserole with Summer Vegetables""","""632""",""" chicken breast """,75.83333333333333,"""4132""",""" firm Chinese-style tofu """,56.94033530571993
"""1034""","""Chicken and Rice Casserole with Summer Vegetables""","""632""",""" chicken breast """,75.83333333333333,"""4152""",""" taco """,54.36676082862523
"""1034""","""Chicken and Rice Casserole with Summer Vegetables""","""638""",""" chicken broth """,120.0,"""311""",""" bouillon cube """,121.40372168284789
"""1034""","""Chicken and Rice Casserole with Summer Vegetables""","""638""",""" chicken broth """,120.0,"""346""",""" broth or low-sodium bouillon """,121.40372168284789
"""1034""","""Chicken and Rice Casserole with Summer Vegetables""","""638""",""" chicken broth """,120.0,"""790""",""" cond. reduced-sodium tomato soup """,112.6539039039039
"""1034""","""Chicken and Rice Casserole with Summer Vegetables""","""638""",""" chicken broth """,120.0,"""1194""",""" envelope onion soup mix """,100.03666666666665
"""1034""","""Chicken and Rice Casserole with Summer Vegetables""","""638""",""" chicken broth """,120.0,"""4108""",""" cond. onion soup """,104.2048611111111
"""1034""","""Chicken and Rice Casserole with Summer Vegetables""","""638""",""" chicken broth """,120.0,"""4111""",""" cond. green pea soup """,84.49042792792793
"""1035""","""Turkey Spaghetti Pie""","""851""",""" cooked turkey """,120.0,"""1103""",""" dried shrimp powder """,94.60425281954886
"""1036""","""Smoked Chicken Pizza""","""3231""",""" smoked or roast chicken """,29.0,"""1065""",""" dried frozen tofu """,30.806783144912647
"""1036""","""Smoked Chicken Pizza""","""3231""",""" smoked or roast chicken """,29.0,"""1102""",""" dried shrimp """,24.979166666666668
"""1037""","""Gourmet Chicken Bake""","""638""",""" chicken broth """,220.0,"""451""",""" canned cream of celery soup """,232.89499999999995
"""1037""","""Gourmet Chicken Bake""","""638""",""" chicken broth """,220.0,"""4094""",""" cond. cheese soup """,284.0182926829268
"""1037""","""Gourmet Chicken Bake""","""638""",""" chicken broth """,220.0,"""4109""",""" cond. cream of onion soup """,232.89499999999995
"""1037""","""Gourmet Chicken Bake""","""638""",""" chicken broth """,220.0,"""4114""",""" cond. tomato rice soup """,187.81854838709677
"""1037""","""Gourmet Chicken Bake""","""638""",""" chicken broth """,220.0,"""4116""",""" chunky vegetable soup """,237.64795918367346
"""1038""","""Chicken Chutney Salad""","""804""",""" cooked chicken """,120.0,"""3429""",""" tempeh """,135.79166666666666
"""1038""","""Chicken Chutney Salad""","""804""",""" cooked chicken """,120.0,"""4149""",""" cheese and bean burrito """,152.13174273858922
"""1040""","""Idaho Potato Supreme""","""3538""",""" turkey ham """,60.0,"""3429""",""" tempeh """,73.06296296296297
"""1041""","""Stir-Fry Turkey Italiano""","""3528""",""" turkey breast cutlet """,113.75,"""155""",""" bean curd """,103.06024774774775
"""1041""","""Stir-Fry Turkey Italiano""","""3528""",""" turkey breast cutlet """,113.75,"""1244""",""" firm tofu """,103.99715909090908
"""1042""","""Turkey Pockets Al Greco""","""1708""",""" ground turkey """,56.875,"""1103""",""" dried shrimp powder """,53.16964285714284
"""1044""","""Chicken Paprika""","""3148""",""" skinless chicken breasts """,113.75,"""155""",""" bean curd """,108.55855855855854
"""1044""","""Chicken Paprika""","""3148""",""" skinless chicken breasts """,113.75,"""1244""",""" firm tofu """,109.54545454545452
"""1045""","""Chicken Nachos""","""804""",""" cooked chicken """,12.566666666666666,"""3429""",""" tempeh """,11.214074074074073
"""1045""","""Chicken Nachos""","""804""",""" cooked chicken """,12.566666666666666,"""3478""",""" tofu or bean curd """,14.282075471698112
"""1045""","""Chicken Nachos""","""804""",""" cooked chicken """,12.566666666666666,"""4149""",""" cheese and bean burrito """,12.563485477178423
"""1048""","""Ginger Chicken Stir-Fry""","""282""",""" skinless boneless chicken breast """,75.83333333333333,"""3429""",""" tempeh """,67.55148148148147
"""1048""","""Ginger Chicken Stir-Fry""","""282""",""" skinless boneless chicken breast """,75.83333333333333,"""3478""",""" tofu or bean curd """,86.03254716981131
"""1048""","""Ginger Chicken Stir-Fry""","""282""",""" skinless boneless chicken breast """,75.83333333333333,"""4149""",""" cheese and bean burrito """,75.68008298755187
"""1049""","""Turkey Parmigiana""","""3528""",""" turkey breast cutlet """,113.75,"""155""",""" bean curd """,107.027027027027
"""1049""","""Turkey Parmigiana""","""3528""",""" turkey breast cutlet """,113.75,"""1244""",""" firm tofu """,107.99999999999997
"""1050""","""Polynesian Pineapple Turkey""","""3147""",""" skinless turkey breast """,75.83333333333333,"""3429""",""" tempeh """,58.47530864197531
"""1050""","""Polynesian Pineapple Turkey""","""3147""",""" skinless turkey breast """,75.83333333333333,"""3478""",""" tofu or bean curd """,74.47327044025158
"""1050""","""Polynesian Pineapple Turkey""","""3147""",""" skinless turkey breast """,75.83333333333333,"""4132""",""" firm Chinese-style tofu """,93.42209072978306
"""1050""","""Polynesian Pineapple Turkey""","""3147""",""" skinless turkey breast """,75.83333333333333,"""4149""",""" cheese and bean burrito """,65.51175656984786
"""1050""","""Polynesian Pineapple Turkey""","""3147""",""" skinless turkey breast """,75.83333333333333,"""4152""",""" taco """,89.19962335216574
"""1051""","""Tomato Cajun Chicken Salad""","""804""",""" cooked chicken """,120.0,"""4151""",""" cheese enchilada """,103.83098591549297
"""1052""","""Chicken Provencale""","""282""",""" skinless boneless chicken breast """,113.75,"""4151""",""" cheese enchilada """,114.11566901408449
"""1053""","""Chicken Parmiagiana Spud""","""804""",""" cooked chicken """,180.0,"""3429""",""" tempeh """,133.11851851851853
"""1053""","""Chicken Parmiagiana Spud""","""804""",""" cooked chicken """,180.0,"""3478""",""" tofu or bean curd """,169.53773584905662
"""1053""","""Chicken Parmiagiana Spud""","""804""",""" cooked chicken """,180.0,"""4132""",""" firm Chinese-style tofu """,212.6745562130178
"""1053""","""Chicken Parmiagiana Spud""","""804""",""" cooked chicken """,180.0,"""4149""",""" cheese and bean burrito """,149.13692946058094
"""1053""","""Chicken Parmiagiana Spud""","""804""",""" cooked chicken """,180.0,"""4152""",""" taco """,203.0621468926554
"""1054""","""Lemon Rice""","""1215""",""" fat-free chicken broth """,60.0,"""311""",""" bouillon cube """,70.49478155339806
"""1054""","""Lemon Rice""","""1215""",""" fat-free chicken broth """,60.0,"""346""",""" broth or low-sodium bouillon """,70.49478155339806
"""1054""","""Lemon Rice""","""1215""",""" fat-free chicken broth """,60.0,"""790""",""" cond. reduced-sodium tomato soup """,65.41407657657656
"""1054""","""Lemon Rice""","""1215""",""" fat-free chicken broth """,60.0,"""1014""",""" dehydrated onion soup mix """,46.8449193548387
"""1054""","""Lemon Rice""","""1215""",""" fat-free chicken broth """,60.0,"""1194""",""" envelope onion soup mix """,58.08769999999999
"""1054""","""Lemon Rice""","""1215""",""" fat-free chicken broth """,60.0,"""4108""",""" cond. onion soup """,60.508020833333326
"""1054""","""Lemon Rice""","""1215""",""" fat-free chicken broth """,60.0,"""4111""",""" cond. green pea soup """,49.060557432432425
"""1057""","""Jambalaya""","""632""",""" chicken breast """,85.3125,"""3429""",""" tempeh """,88.11458333333333
"""1057""","""Jambalaya""","""632""",""" chicken breast """,85.3125,"""4149""",""" cheese and bean burrito """,98.71758298755188
"""1057""","""Jambalaya""","""3240""",""" smoked turkey sausage """,42.65625,"""1103""",""" dried shrimp powder """,37.503524436090224
"""1060""","""Breast of Chicken Italian""","""3148""",""" skinless chicken breasts """,116.0,"""1103""",""" dried shrimp powder """,92.26785714285712
"""1061""","""Poached Turkey Normandy""","""3550""",""" turkey tenderloin """,113.75,"""155""",""" bean curd """,112.3837837837838
"""1061""","""Poached Turkey Normandy""","""3550""",""" turkey tenderloin """,113.75,"""1244""",""" firm tofu """,113.40545454545455
"""1064""","""New England Turkey Chowder""","""851""",""" cooked turkey """,120.0,"""3429""",""" tempeh """,92.37731481481482
"""1064""","""New England Turkey Chowder""","""851""",""" cooked turkey """,120.0,"""3478""",""" tofu or bean curd """,117.65035377358492
"""1064""","""New England Turkey Chowder""","""851""",""" cooked turkey """,120.0,"""4132""",""" firm Chinese-style tofu """,147.58505917159766
"""1064""","""New England Turkey Chowder""","""851""",""" cooked turkey """,120.0,"""4149""",""" cheese and bean burrito """,103.4932572614108
"""1064""","""New England Turkey Chowder""","""851""",""" cooked turkey """,120.0,"""4152""",""" taco """,140.9145480225989
"""1065""","""Red Square Pistachio Stir Fry""","""282""",""" skinless boneless chicken breast """,85.3125,"""3429""",""" tempeh """,90.46944444444443
"""1065""","""Red Square Pistachio Stir Fry""","""282""",""" skinless boneless chicken breast """,85.3125,"""4149""",""" cheese and bean burrito """,101.35580912863071
"""1351""","""B.L.T. Salad""","""112""",""" bacon """,20.0,"""3429""",""" tempeh """,24.716049382716047
"""1067""","""Scandinavian Chicken Soup""","""638""",""" chicken broth """,240.0,"""4091""",""" cond. black bean soup """,304.7999526515152
"""1067""","""Scandinavian Chicken Soup""","""4298""",""" cooked broiler-fryer, boned, skinned """,265.4166666666667,"""4151""",""" cheese enchilada """,284.5393192488264
"""1068""","""Turkey Tetrazzini""","""851""",""" cooked turkey """,120.0,"""155""",""" bean curd """,140.23423423423424
"""1068""","""Turkey Tetrazzini""","""851""",""" cooked turkey """,120.0,"""1244""",""" firm tofu """,141.5090909090909
"""1068""","""Turkey Tetrazzini""","""851""",""" cooked turkey """,120.0,"""4132""",""" firm Chinese-style tofu """,92.10650887573966
"""1068""","""Turkey Tetrazzini""","""851""",""" cooked turkey """,120.0,"""4152""",""" taco """,87.94350282485875
"""1069""","""Easy Skillet Chicken""","""282""",""" skinless boneless chicken breast """,87.5,"""3478""",""" tofu or bean curd """,72.39976415094341
"""1069""","""Easy Skillet Chicken""","""282""",""" skinless boneless chicken breast """,87.5,"""4132""",""" firm Chinese-style tofu """,90.8210059171598
"""1069""","""Easy Skillet Chicken""","""282""",""" skinless boneless chicken breast """,87.5,"""4149""",""" cheese and bean burrito """,63.687759336099596
"""1069""","""Easy Skillet Chicken""","""282""",""" skinless boneless chicken breast """,87.5,"""4152""",""" taco """,86.71610169491527
"""1070""","""Chicken Rice Medley""","""4298""",""" cooked broiler-fryer, boned, skinned """,113.75,"""3429""",""" tempeh """,84.88888888888889
"""1070""","""Chicken Rice Medley""","""4298""",""" cooked broiler-fryer, boned, skinned """,113.75,"""3478""",""" tofu or bean curd """,108.11320754716982
"""1070""","""Chicken Rice Medley""","""4298""",""" cooked broiler-fryer, boned, skinned """,113.75,"""4132""",""" firm Chinese-style tofu """,135.62130177514797
"""1070""","""Chicken Rice Medley""","""4298""",""" cooked broiler-fryer, boned, skinned """,113.75,"""4149""",""" cheese and bean burrito """,95.10373443983403
"""1070""","""Chicken Rice Medley""","""4298""",""" cooked broiler-fryer, boned, skinned """,113.75,"""4152""",""" taco """,129.49152542372883
"""1072""","""Turkey Ham Strata""","""3538""",""" turkey ham """,60.0,"""1065""",""" dried frozen tofu """,75.13553442959916
"""1072""","""Turkey Ham Strata""","""3538""",""" turkey ham """,60.0,"""1102""",""" dried shrimp """,60.92239583333331
"""1073""","""Barbecued Chicken on a Bun""","""122""",""" baked ham """,29.0,"""3429""",""" tempeh """,23.480648148148145
"""1073""","""Barbecued Chicken on a Bun""","""122""",""" baked ham """,29.0,"""3478""",""" tofu or bean curd """,29.90459905660377
"""1073""","""Barbecued Chicken on a Bun""","""122""",""" baked ham """,29.0,"""4132""",""" firm Chinese-style tofu """,37.51346153846154
"""1073""","""Barbecued Chicken on a Bun""","""122""",""" baked ham """,29.0,"""4149""",""" cheese and bean burrito """,26.306120331950204
"""1073""","""Barbecued Chicken on a Bun""","""122""",""" baked ham """,29.0,"""4152""",""" taco """,35.81793785310734
"""1073""","""Barbecued Chicken on a Bun""","""632""",""" chicken breast """,87.5,"""1244""",""" firm tofu """,61.416136363636355
"""1073""","""Barbecued Chicken on a Bun""","""632""",""" chicken breast """,87.5,"""4151""",""" cheese enchilada """,95.15176056338028
"""1075""","""Poached Turkey Tenderloins""","""3550""",""" turkey tenderloin """,156.40625,"""3429""",""" tempeh """,150.97222222222217
"""1075""","""Poached Turkey Tenderloins""","""3550""",""" turkey tenderloin """,156.40625,"""3478""",""" tofu or bean curd """,192.27594339622638
"""1075""","""Poached Turkey Tenderloins""","""3550""",""" turkey tenderloin """,156.40625,"""4149""",""" cheese and bean burrito """,169.13900414937757
"""1076""","""Pistachio Turkey Taco Salad""","""852""",""" cooked turkey breast """,113.75,"""4151""",""" cheese enchilada """,114.45774647887322
"""1077""","""Turkey Rice Burgers""","""1708""",""" ground turkey """,56.875,"""4151""",""" cheese enchilada """,57.62323943661972
"""1085""","""Brown Rice Chicken Bake""","""805""",""" cooked chicken breast """,80.0,"""3429""",""" tempeh """,82.73626543209876
"""1085""","""Brown Rice Chicken Bake""","""805""",""" cooked chicken breast """,80.0,"""4149""",""" cheese and bean burrito """,92.69208160442601
"""1079""","""Oriental Stir-Fry""","""282""",""" skinless boneless chicken breast """,75.83333333333333,"""155""",""" bean curd """,68.0780780780781
"""1079""","""Oriental Stir-Fry""","""282""",""" skinless boneless chicken breast """,75.83333333333333,"""1244""",""" firm tofu """,68.6969696969697
"""1080""","""Peruvian Chicken with Plums""","""3153""",""" skinned chicken """,199.0625,"""155""",""" bean curd """,189.60754504504507
"""1080""","""Peruvian Chicken with Plums""","""3153""",""" skinned chicken """,199.0625,"""1244""",""" firm tofu """,191.33125
"""1082""","""Chicken Pocket Sandwich""","""804""",""" cooked chicken """,29.0,"""3429""",""" tempeh """,23.705722222222224
"""1082""","""Chicken Pocket Sandwich""","""804""",""" cooked chicken """,29.0,"""3478""",""" tofu or bean curd """,30.191250000000004
"""1082""","""Chicken Pocket Sandwich""","""804""",""" cooked chicken """,29.0,"""4149""",""" cheese and bean burrito """,26.55827800829876
"""1082""","""Chicken Pocket Sandwich""","""804""",""" cooked chicken """,29.0,"""4152""",""" taco """,36.161271186440686
"""1083""","""Turkey Rolls Italian Style""","""3533""",""" turkey cutlet """,113.75,"""4151""",""" cheese enchilada """,119.67605633802818
"""1084""","""Sonoma Turkey Risotto""","""3239""",""" smoked turkey breast """,75.83333333333333,"""1103""",""" dried shrimp powder """,53.23464912280701
"""1086""","""Lemon Chicken and Rice""","""282""",""" skinless boneless chicken breast """,113.75,"""155""",""" bean curd """,123.74436936936935
"""1086""","""Lemon Chicken and Rice""","""282""",""" skinless boneless chicken breast """,113.75,"""1244""",""" firm tofu """,124.86931818181814
"""1086""","""Lemon Chicken and Rice""","""282""",""" skinless boneless chicken breast """,113.75,"""4132""",""" firm Chinese-style tofu """,81.2758875739645
"""1086""","""Lemon Chicken and Rice""","""638""",""" chicken broth """,105.0,"""1014""",""" dehydrated onion soup mix """,114.59596774193547
"""1086""","""Lemon Chicken and Rice""","""638""",""" chicken broth """,105.0,"""4091""",""" cond. black bean soup """,100.92258522727272
"""1086""","""Lemon Chicken and Rice""","""638""",""" chicken broth """,105.0,"""4111""",""" cond. green pea soup """,120.01604729729729
"""1087""","""Turkey Topper""","""851""",""" cooked turkey """,85.3125,"""3429""",""" tempeh """,101.41203703703704
"""1089""","""Chicken Pasta Salad""","""4298""",""" cooked broiler-fryer, boned, skinned """,100.0,"""3429""",""" tempeh """,72.04444444444442
"""1089""","""Chicken Pasta Salad""","""4298""",""" cooked broiler-fryer, boned, skinned """,100.0,"""3478""",""" tofu or bean curd """,91.75471698113205
"""1089""","""Chicken Pasta Salad""","""4298""",""" cooked broiler-fryer, boned, skinned """,100.0,"""4132""",""" firm Chinese-style tofu """,115.10059171597632
"""1089""","""Chicken Pasta Salad""","""4298""",""" cooked broiler-fryer, boned, skinned """,100.0,"""4149""",""" cheese and bean burrito """,80.71369294605807
"""1089""","""Chicken Pasta Salad""","""4298""",""" cooked broiler-fryer, boned, skinned """,100.0,"""4152""",""" taco """,109.89830508474574
"""1095""","""California-Style Turkey Burger""","""1708""",""" ground turkey """,75.83333333333333,"""1102""",""" dried shrimp """,83.64652777777778
"""1092""","""Hearty Healthy Chicken Salad""","""638""",""" chicken broth """,40.0,"""1014""",""" dehydrated onion soup mix """,50.49032258064516
"""1092""","""Hearty Healthy Chicken Salad""","""638""",""" chicken broth """,40.0,"""4091""",""" cond. black bean soup """,44.46590909090909
"""1093""","""Peachy Parmesan Chicken""","""2746""",""" prosciutto """,28.4375,"""1065""",""" dried frozen tofu """,19.94989722507708
"""1093""","""Peachy Parmesan Chicken""","""2746""",""" prosciutto """,28.4375,"""1103""",""" dried shrimp powder """,36.48731203007518
"""1094""","""Turkey Sausage Patties""","""1708""",""" ground turkey """,75.83333333333333,"""155""",""" bean curd """,78.48175675675675
"""1094""","""Turkey Sausage Patties""","""1708""",""" ground turkey """,75.83333333333333,"""1244""",""" firm tofu """,79.19522727272727
"""1096""","""Tomato-Turkey Noodle Bake""","""851""",""" cooked turkey """,80.0,"""3429""",""" tempeh """,87.90694444444445
"""1096""","""Tomato-Turkey Noodle Bake""","""851""",""" cooked turkey """,80.0,"""4149""",""" cheese and bean burrito """,98.48495850622407
"""1097""","""Dilly Turkey Stuffed Tomatoes""","""851""",""" cooked turkey """,80.0,"""3478""",""" tofu or bean curd """,56.15150943396227
"""1097""","""Dilly Turkey Stuffed Tomatoes""","""851""",""" cooked turkey """,80.0,"""4132""",""" firm Chinese-style tofu """,70.43857988165682
"""1097""","""Dilly Turkey Stuffed Tomatoes""","""851""",""" cooked turkey """,80.0,"""4152""",""" taco """,67.25491525423729
"""1098""","""Tipsy Turkey Stew""","""285""",""" skinless boneless turkey roast """,151.66666666666666,"""3429""",""" tempeh """,192.01604938271603
"""1099""","""Sonoma Turkey Bouillabaisse""","""4286""",""" skinned turkey thighs """,199.0625,"""155""",""" bean curd """,218.86036036036035
"""1099""","""Sonoma Turkey Bouillabaisse""","""4286""",""" skinned turkey thighs """,199.0625,"""1244""",""" firm tofu """,220.84999999999997
"""1099""","""Sonoma Turkey Bouillabaisse""","""4286""",""" skinned turkey thighs """,199.0625,"""4132""",""" firm Chinese-style tofu """,143.74852071005918
"""1101""","""Layered Chicken Salad""","""3153""",""" skinned chicken """,113.75,"""4151""",""" cheese enchilada """,92.37499999999996
"""1121""","""Fresh Shrimp Sandwich""","""797""",""" cooked bay shrimp """,40.0,"""155""",""" bean curd """,44.23611111111111
"""1121""","""Fresh Shrimp Sandwich""","""797""",""" cooked bay shrimp """,40.0,"""1244""",""" firm tofu """,44.63825757575757
"""1121""","""Fresh Shrimp Sandwich""","""797""",""" cooked bay shrimp """,40.0,"""4132""",""" firm Chinese-style tofu """,29.054487179487182
"""1102""","""Grilled Chicken Salad""","""282""",""" skinless boneless chicken breast """,85.3125,"""1103""",""" dried shrimp powder """,82.22025375939847
"""1103""","""Turkey and Pineapple on Skewers""","""1432""",""" skinless boneless turkey """,113.75,"""4151""",""" cheese enchilada """,89.15140845070422
"""1108""","""Turkey Yakitori""","""290""",""" boneless turkey breast """,113.75,"""4151""",""" cheese enchilada """,101.74471830985915
"""1109""","""Basic Turkey Burger Plus""","""1708""",""" ground turkey """,113.75,"""3478""",""" tofu or bean curd """,88.03319575471698
"""1109""","""Basic Turkey Burger Plus""","""1708""",""" ground turkey """,113.75,"""4132""",""" firm Chinese-style tofu """,110.43217455621304
"""1109""","""Basic Turkey Burger Plus""","""1708""",""" ground turkey """,113.75,"""4152""",""" taco """,105.44088983050848
"""1158""","""Seafood Pear Pasta""","""902""",""" crab meat """,43.5,"""1065""",""" dried frozen tofu """,31.859198355601237
"""1116""","""Turkey Fajitas""","""3528""",""" turkey breast cutlet """,113.75,"""1103""",""" dried shrimp powder """,97.38357612781955
"""1117""","""Sesame Chicken Salad""","""805""",""" cooked chicken breast """,80.0,"""155""",""" bean curd """,97.39489489489488
"""1117""","""Sesame Chicken Salad""","""805""",""" cooked chicken breast """,80.0,"""1244""",""" firm tofu """,98.280303030303
"""1117""","""Sesame Chicken Salad""","""805""",""" cooked chicken breast """,80.0,"""4132""",""" firm Chinese-style tofu """,63.96942800788955
"""1117""","""Sesame Chicken Salad""","""805""",""" cooked chicken breast """,80.0,"""4152""",""" taco """,61.07815442561205
"""1118""","""Ginger Turkey Stir-Fry""","""3528""",""" turkey breast cutlet """,75.83333333333333,"""1103""",""" dried shrimp powder """,87.78414786967417
"""1119""","""Sonoma Turkey and Vegetables""","""289""",""" whole boneless turkey """,227.5,"""4151""",""" cheese enchilada """,163.72887323943633
"""1122""","""Dilled Potato Rounds Fish Fillets""","""1252""",""" fish fillet """,113.75,"""155""",""" bean curd """,116.45270270270267
"""1122""","""Dilled Potato Rounds Fish Fillets""","""1252""",""" fish fillet """,113.75,"""1244""",""" firm tofu """,117.5113636363636
"""1123""",""" Pacific Chicken, Shrimp and Kiwifruit Kabobs ""","""282""",""" skinless boneless chicken breast """,56.875,"""3478""",""" tofu or bean curd """,46.97965801886793
"""1123""",""" Pacific Chicken, Shrimp and Kiwifruit Kabobs ""","""282""",""" skinless boneless chicken breast """,56.875,"""4132""",""" firm Chinese-style tofu """,58.93306213017753
"""1123""",""" Pacific Chicken, Shrimp and Kiwifruit Kabobs ""","""282""",""" skinless boneless chicken breast """,56.875,"""4149""",""" cheese and bean burrito """,41.3265041493776
"""1123""",""" Pacific Chicken, Shrimp and Kiwifruit Kabobs ""","""282""",""" skinless boneless chicken breast """,56.875,"""4152""",""" taco """,56.26942090395481
"""1154""","""Shrimp-Pear Pasta Salad""","""797""",""" cooked bay shrimp """,18.958333333333332,"""1103""",""" dried shrimp powder """,22.694078947368418
"""1127""","""Shrimp-Stuffed Shells""","""3120""",""" frozen shrimp """,56.875,"""1103""",""" dried shrimp powder """,49.5439379699248
"""1129""","""Shrimp Marinara Pasta""","""840""",""" shrimp """,116.0,"""1103""",""" dried shrimp powder """,115.30624999999998
"""1133""","""Oysters on Pasta""","""2485""",""" oysters with liquid """,58.0,"""3429""",""" tempeh """,42.65308641975309
"""1133""","""Oysters on Pasta""","""2485""",""" oysters with liquid """,58.0,"""3478""",""" tofu or bean curd """,54.32232704402516
"""1133""","""Oysters on Pasta""","""2485""",""" oysters with liquid """,58.0,"""4132""",""" firm Chinese-style tofu """,68.14398422090731
"""1133""","""Oysters on Pasta""","""2485""",""" oysters with liquid """,58.0,"""4149""",""" cheese and bean burrito """,47.785615491009686
"""1133""","""Oysters on Pasta""","""2485""",""" oysters with liquid """,58.0,"""4152""",""" taco """,65.06403013182674
"""1134""","""Bell Peppers Stuffed with Shrimp""","""844""",""" cooked shrimp """,80.0,"""3429""",""" tempeh """,59.32962962962962
"""1134""","""Bell Peppers Stuffed with Shrimp""","""844""",""" cooked shrimp """,80.0,"""3478""",""" tofu or bean curd """,75.56132075471697
"""1134""","""Bell Peppers Stuffed with Shrimp""","""844""",""" cooked shrimp """,80.0,"""4132""",""" firm Chinese-style tofu """,94.78698224852072
"""1134""","""Bell Peppers Stuffed with Shrimp""","""844""",""" cooked shrimp """,80.0,"""4149""",""" cheese and bean burrito """,66.4688796680498
"""1134""","""Bell Peppers Stuffed with Shrimp""","""844""",""" cooked shrimp """,80.0,"""4152""",""" taco """,90.50282485875705
"""1135""","""Simply Snapper""","""2486""",""" Pacific snapper """,113.75,"""3429""",""" tempeh """,123.85185185185186
"""1135""","""Simply Snapper""","""2486""",""" Pacific snapper """,113.75,"""4149""",""" cheese and bean burrito """,138.75518672199172
"""1137""","""Stir-Fry Shrimp Scramble""","""3120""",""" frozen shrimp """,19.333333333333332,"""1103""",""" dried shrimp powder """,21.84899749373433
"""1139""","""Gulf Coast Stir-Fry""","""811""",""" cooked crawfish tails """,75.83333333333333,"""3429""",""" tempeh """,57.462345679012344
"""1139""","""Gulf Coast Stir-Fry""","""811""",""" cooked crawfish tails """,75.83333333333333,"""3478""",""" tofu or bean curd """,73.18317610062893
"""1139""","""Gulf Coast Stir-Fry""","""811""",""" cooked crawfish tails """,75.83333333333333,"""4132""",""" firm Chinese-style tofu """,91.80374753451679
"""1139""","""Gulf Coast Stir-Fry""","""811""",""" cooked crawfish tails """,75.83333333333333,"""4149""",""" cheese and bean burrito """,64.37690179806363
"""1139""","""Gulf Coast Stir-Fry""","""811""",""" cooked crawfish tails """,75.83333333333333,"""4152""",""" taco """,87.65442561205273
"""1141""","""Risotto Con Frutti Di Mare""","""298""",""" bottled clam juice """,29.0,"""779""",""" cognac """,37.45824463118582
"""1141""","""Risotto Con Frutti Di Mare""","""298""",""" bottled clam juice """,29.0,"""1130""",""" dry instant espresso """,36.14214414414415
"""1141""","""Risotto Con Frutti Di Mare""","""638""",""" chicken broth """,120.0,"""4091""",""" cond. black bean soup """,153.60901515151517
"""1141""","""Risotto Con Frutti Di Mare""","""3351""",""" Surimi seafood """,58.0,"""1103""",""" dried shrimp powder """,47.9834335839599
"""1143""","""Fish Florentine""","""1252""",""" fish fillet """,116.0,"""3478""",""" tofu or bean curd """,87.52358490566037
"""1143""","""Fish Florentine""","""1252""",""" fish fillet """,116.0,"""4132""",""" firm Chinese-style tofu """,109.79289940828404
"""1143""","""Fish Florentine""","""1252""",""" fish fillet """,116.0,"""4152""",""" taco """,104.83050847457626
"""1144""","""Fish Chowder""","""112""",""" bacon """,28.4375,"""1102""",""" dried shrimp """,30.360677083333332
"""1144""","""Fish Chowder""","""298""",""" bottled clam juice """,60.0,"""779""",""" cognac """,59.74483543417367
"""1144""","""Fish Chowder""","""298""",""" bottled clam juice """,60.0,"""1130""",""" dry instant espresso """,57.64569256756756
"""1144""","""Fish Chowder""","""3693""",""" white or light fish """,227.5,"""4151""",""" cheese enchilada """,240.7790492957746
"""1147""","""Sheepshead Bay Sea Bass""","""840""",""" shrimp """,37.916666666666664,"""3478""",""" tofu or bean curd """,28.616352201257858
"""1147""","""Sheepshead Bay Sea Bass""","""840""",""" shrimp """,37.916666666666664,"""4132""",""" firm Chinese-style tofu """,35.8974358974359
"""1147""","""Sheepshead Bay Sea Bass""","""840""",""" shrimp """,37.916666666666664,"""4152""",""" taco """,34.27495291902071
"""1148""","""Risotto""","""844""",""" cooked shrimp """,85.3125,"""1065""",""" dried frozen tofu """,60.08694758478931
"""1148""","""Risotto""","""844""",""" cooked shrimp """,85.3125,"""1103""",""" dried shrimp powder """,109.89586466165412
"""1149""","""Summer Seafood Salad""","""902""",""" crab meat """,56.875,"""155""",""" bean curd """,61.37162162162162
"""1149""","""Summer Seafood Salad""","""902""",""" crab meat """,56.875,"""1244""",""" firm tofu """,61.92954545454545
"""1149""","""Summer Seafood Salad""","""902""",""" crab meat """,56.875,"""4132""",""" firm Chinese-style tofu """,40.309171597633146
"""1150""","""Seafood Marinara with Pasta""","""3310""",""" squid """,116.0,"""1065""",""" dried frozen tofu """,82.17977903391572
"""1150""","""Seafood Marinara with Pasta""","""3310""",""" squid """,116.0,"""1103""",""" dried shrimp powder """,150.30249060150373
"""1151""","""Chinese Steamed Fish""","""1246""",""" firm white fish fillet """,87.0,"""3478""",""" tofu or bean curd """,75.6308962264151
"""1151""","""Chinese Steamed Fish""","""1246""",""" firm white fish fillet """,87.0,"""4132""",""" firm Chinese-style tofu """,94.8742603550296
"""1151""","""Chinese Steamed Fish""","""1246""",""" firm white fish fillet """,87.0,"""4149""",""" cheese and bean burrito """,66.53008298755188
"""1151""","""Chinese Steamed Fish""","""1246""",""" firm white fish fillet """,87.0,"""4152""",""" taco """,90.58615819209041
"""1152""","""Shrimp with Snow Peas""","""3120""",""" frozen shrimp """,113.75,"""155""",""" bean curd """,137.5022522522522
"""1152""","""Shrimp with Snow Peas""","""3120""",""" frozen shrimp """,113.75,"""1244""",""" firm tofu """,138.75227272727264
"""1152""","""Shrimp with Snow Peas""","""3120""",""" frozen shrimp """,113.75,"""4132""",""" firm Chinese-style tofu """,90.31213017751476
"""1152""","""Shrimp with Snow Peas""","""3120""",""" frozen shrimp """,113.75,"""4152""",""" taco """,86.23022598870052
"""1153""","""Mariner Bean Salad Plate""","""804""",""" cooked chicken """,100.0,"""1065""",""" dried frozen tofu """,79.02860568687906
"""1153""","""Mariner Bean Salad Plate""","""844""",""" cooked shrimp """,58.0,"""1065""",""" dried frozen tofu """,69.01421719767043
"""1153""","""Mariner Bean Salad Plate""","""844""",""" cooked shrimp """,58.0,"""1102""",""" dried shrimp """,55.95902777777778
"""1155""","""Shrimp Stir-Fry""","""840""",""" shrimp """,85.3125,"""3478""",""" tofu or bean curd """,62.17311320754717
"""1155""","""Shrimp Stir-Fry""","""840""",""" shrimp """,85.3125,"""4132""",""" firm Chinese-style tofu """,77.9923076923077
"""1155""","""Shrimp Stir-Fry""","""840""",""" shrimp """,85.3125,"""4152""",""" taco """,74.46723163841807
"""1157""","""Sole and Broccoli Roll-Ups""","""1386""",""" fresh or frozen sole fillet """,151.66666666666666,"""4151""",""" cheese enchilada """,126.37323943661971
"""1161""","""Fish with Pear Jardiniere""","""1252""",""" fish fillet """,170.625,"""3478""",""" tofu or bean curd """,121.85288915094341
"""1161""","""Fish with Pear Jardiniere""","""1252""",""" fish fillet """,170.625,"""4132""",""" firm Chinese-style tofu """,152.8568786982249
"""1161""","""Fish with Pear Jardiniere""","""1252""",""" fish fillet """,170.625,"""4152""",""" taco """,145.94809322033902
"""1163""","""Shrimp Fried Rice""","""844""",""" cooked shrimp """,90.0,"""4151""",""" cheese enchilada """,96.74859154929581
"""1164""","""Elegant Oysters""","""2482""",""" oyster """,116.0,"""4151""",""" cheese enchilada """,94.18051643192489
"""1165""","""Seafood Jambalaya""","""3351""",""" Surimi seafood """,75.83333333333333,"""1103""",""" dried shrimp powder """,79.3624686716792
"""1167""","""Spanish Clams and Rice""","""750""",""" clam broth """,80.0,"""249""",""" boiling water """,103.91919191919193
"""1167""","""Spanish Clams and Rice""","""750""",""" clam broth """,80.0,"""4384""",""" boiling salted water """,103.91919191919193
"""1167""","""Spanish Clams and Rice""","""750""",""" clam broth """,80.0,"""4462""",""" Kahlua """,76.2074074074074
"""1167""","""Spanish Clams and Rice""","""3225""",""" smoked ham """,19.333333333333332,"""1065""",""" dried frozen tofu """,23.432682425488185
"""1167""","""Spanish Clams and Rice""","""3225""",""" smoked ham """,19.333333333333332,"""1102""",""" dried shrimp """,19.000000000000004
"""1168""","""Crunchy Tuna Salad""","""519""",""" canned solid white tuna in water """,48.9375,"""3429""",""" tempeh """,56.20833333333332
"""1168""","""Crunchy Tuna Salad""","""519""",""" canned solid white tuna in water """,48.9375,"""4149""",""" cheese and bean burrito """,62.97199170124481
"""1169""","""Chinese Seafood Salad""","""816""",""" cooked fish """,58.0,"""1103""",""" dried shrimp powder """,54.74483082706766
"""1170""","""Braised Catfish Fillet""","""574""",""" catfish fillet """,116.0,"""155""",""" bean curd """,82.7117117117117
"""1170""","""Braised Catfish Fillet""","""574""",""" catfish fillet """,116.0,"""1244""",""" firm tofu """,83.46363636363634
"""1170""","""Braised Catfish Fillet""","""574""",""" catfish fillet """,116.0,"""4151""",""" cheese enchilada """,129.30985915492957
"""1171""","""Fisherman's Cioppino""","""3310""",""" squid """,113.75,"""1103""",""" dried shrimp powder """,106.29323308270675
"""1218""","""Texas Shrimp Slaw""","""844""",""" cooked shrimp """,113.75,"""155""",""" bean curd """,106.84684684684676
"""1218""","""Texas Shrimp Slaw""","""844""",""" cooked shrimp """,113.75,"""1244""",""" firm tofu """,107.81818181818173
"""1173""","""Shrimp Provencal""","""3120""",""" frozen shrimp """,113.75,"""4151""",""" cheese enchilada """,114.5598591549295
"""1179""","""Microwaved Fish with Italian Flair""","""1252""",""" fish fillet """,170.625,"""155""",""" bean curd """,121.84684684684687
"""1179""","""Microwaved Fish with Italian Flair""","""1252""",""" fish fillet """,170.625,"""1244""",""" firm tofu """,122.95454545454548
"""1179""","""Microwaved Fish with Italian Flair""","""1252""",""" fish fillet """,170.625,"""4151""",""" cheese enchilada """,190.49295774647894
"""1180""","""Linguine with Clam Sauce""","""751""",""" clam juice """,90.0,"""1147""",""" dry sherry """,102.74283536585364
"""1180""","""Linguine with Clam Sauce""","""751""",""" clam juice """,90.0,"""1153""",""" dry vermouth """,102.74283536585364
"""1180""","""Linguine with Clam Sauce""","""751""",""" clam juice """,90.0,"""1810""",""" ice cubes """,81.00877403846152
"""1180""","""Linguine with Clam Sauce""","""751""",""" clam juice """,90.0,"""1828""",""" instant coffee powder """,66.51246710526314
"""1180""","""Linguine with Clam Sauce""","""751""",""" clam juice """,90.0,"""2312""",""" medium-sweet sherry """,99.50684055118109
"""1180""","""Linguine with Clam Sauce""","""751""",""" clam juice """,90.0,"""2599""",""" Pernod """,79.98334651898733
"""1180""","""Linguine with Clam Sauce""","""751""",""" clam juice """,90.0,"""3407""",""" tamarind juice """,90.26691964285715
"""1180""","""Linguine with Clam Sauce""","""751""",""" clam juice """,90.0,"""4240""",""" cappuccino """,78.98355468749999
"""1180""","""Linguine with Clam Sauce""","""751""",""" clam juice """,90.0,"""4619""",""" chocolate-covered coffee bean """,93.61013888888887
"""1183""","""Crab Mousse""","""902""",""" crab meat """,22.75,"""155""",""" bean curd """,18.368828828828825
"""1183""","""Crab Mousse""","""902""",""" crab meat """,22.75,"""1244""",""" firm tofu """,18.53581818181818
"""1183""","""Crab Mousse""","""902""",""" crab meat """,22.75,"""4151""",""" cheese enchilada """,28.717464788732393
"""1184""","""Red Snapper Orlando""","""2878""",""" red snapper fillet """,170.625,"""4151""",""" cheese enchilada """,154.67904929577463
"""1187""","""Catfish and Shrimp Soup""","""298""",""" bottled clam juice """,29.0,"""779""",""" cognac """,34.398634453781526
"""1187""","""Catfish and Shrimp Soup""","""298""",""" bottled clam juice """,29.0,"""1130""",""" dry instant espresso """,33.19003378378378
"""1187""","""Catfish and Shrimp Soup""","""574""",""" catfish fillet """,58.0,"""1103""",""" dried shrimp powder """,46.71170112781955
"""1187""","""Catfish and Shrimp Soup""","""840""",""" shrimp """,28.4375,"""1065""",""" dried frozen tofu """,24.312692702980474
"""1191""","""Basil Baked Cod Fillets""","""1245""",""" firm white fish """,113.75,"""4151""",""" cheese enchilada """,81.61161971830984
"""1192""","""Green and Gold Fettuccine""","""517""",""" canned salmon """,62.833333333333336,"""1103""",""" dried shrimp powder """,47.34147869674184
"""1211""","""Sweet-and-Sour Sauce""","""638""",""" chicken broth """,15.84,"""1014""",""" dehydrated onion soup mix """,14.852903225806449
"""1211""","""Sweet-and-Sour Sauce""","""638""",""" chicken broth """,15.84,"""1194""",""" envelope onion soup mix """,18.417599999999997
"""1211""","""Sweet-and-Sour Sauce""","""638""",""" chicken broth """,15.84,"""4091""",""" cond. black bean soup """,13.080681818181816
"""1211""","""Sweet-and-Sour Sauce""","""638""",""" chicken broth """,15.84,"""4108""",""" cond. onion soup """,19.185
"""1211""","""Sweet-and-Sour Sauce""","""638""",""" chicken broth """,15.84,"""4111""",""" cond. green pea soup """,15.555405405405404
"""1193""","""Microwaved Oriental Swordfish Steaks""","""3389""",""" swordfish steaks """,113.75,"""4151""",""" cheese enchilada """,116.35862676056335
"""1194""","""Sweet-Sour Shrimp""","""827""",""" cooked medium shrimp """,113.75,"""3478""",""" tofu or bean curd """,99.05188679245283
"""1194""","""Sweet-Sour Shrimp""","""827""",""" cooked medium shrimp """,113.75,"""4132""",""" firm Chinese-style tofu """,124.25443786982251
"""1194""","""Sweet-Sour Shrimp""","""827""",""" cooked medium shrimp """,113.75,"""4149""",""" cheese and bean burrito """,87.13278008298755
"""1194""","""Sweet-Sour Shrimp""","""827""",""" cooked medium shrimp """,113.75,"""4152""",""" taco """,118.63841807909604
"""1195""","""Molded Crabmeat Mousse""","""309""",""" bottled seafood sauce """,40.0,"""134""",""" barbecue sauce """,46.24999999999999
"""1195""","""Molded Crabmeat Mousse""","""309""",""" bottled seafood sauce """,40.0,"""297""",""" bottled chili sauce """,37.0
"""1195""","""Molded Crabmeat Mousse""","""309""",""" bottled seafood sauce """,40.0,"""304""",""" bottled microwave browning sauce """,37.0
"""1195""","""Molded Crabmeat Mousse""","""309""",""" bottled seafood sauce """,40.0,"""310""",""" bottled spaghetti sauce """,37.94871794871795
"""1195""","""Molded Crabmeat Mousse""","""309""",""" bottled seafood sauce """,40.0,"""461""",""" canned enchilada sauce """,44.179104477611936
"""1195""","""Molded Crabmeat Mousse""","""309""",""" bottled seafood sauce """,40.0,"""527""",""" canned tomato sauce """,30.833333333333332
"""1195""","""Molded Crabmeat Mousse""","""309""",""" bottled seafood sauce """,40.0,"""622""",""" chestnut honey """,32.527472527472526
"""1195""","""Molded Crabmeat Mousse""","""309""",""" bottled seafood sauce """,40.0,"""984""",""" curry sauce """,32.88888888888888
"""1195""","""Molded Crabmeat Mousse""","""309""",""" bottled seafood sauce """,40.0,"""1192""",""" envelope enchilada sauce mix """,44.179104477611936
"""1195""","""Molded Crabmeat Mousse""","""309""",""" bottled seafood sauce """,40.0,"""1224""",""" fermented black beans """,32.88888888888888
"""1195""","""Molded Crabmeat Mousse""","""309""",""" bottled seafood sauce """,40.0,"""1772""",""" hoisin sauce """,29.306930693069305
"""1195""","""Molded Crabmeat Mousse""","""309""",""" bottled seafood sauce """,40.0,"""1777""",""" homestyle spaghetti sauce """,37.94871794871795
"""1195""","""Molded Crabmeat Mousse""","""309""",""" bottled seafood sauce """,40.0,"""1843""",""" Italian dressing without oil """,46.98412698412698
"""1195""","""Molded Crabmeat Mousse""","""309""",""" bottled seafood sauce """,40.0,"""1862""",""" Italian tomato sauce """,37.0
"""1195""","""Molded Crabmeat Mousse""","""309""",""" bottled seafood sauce """,40.0,"""2089""",""" lite salad dressing """,42.89855072463768
"""1195""","""Molded Crabmeat Mousse""","""309""",""" bottled seafood sauce """,40.0,"""2091""",""" lite Italian salad dressing """,42.89855072463768
"""1195""","""Molded Crabmeat Mousse""","""309""",""" bottled seafood sauce """,40.0,"""2094""",""" lite vinaigrette dressing """,42.89855072463768
"""1195""","""Molded Crabmeat Mousse""","""309""",""" bottled seafood sauce """,40.0,"""2101""",""" loganberry preserves """,46.24999999999999
"""1195""","""Molded Crabmeat Mousse""","""309""",""" bottled seafood sauce """,40.0,"""2121""",""" low calorie Italian salad dressing """,49.33333333333333
"""1195""","""Molded Crabmeat Mousse""","""309""",""" bottled seafood sauce """,40.0,"""2227""",""" marinara sauce """,33.258426966292134
"""1195""","""Molded Crabmeat Mousse""","""309""",""" bottled seafood sauce """,40.0,"""2252""",""" meatless spaghetti sauce """,37.94871794871795
"""1195""","""Molded Crabmeat Mousse""","""309""",""" bottled seafood sauce """,40.0,"""2407""",""" no salt diet Italian salad dressing """,46.98412698412698
"""1195""","""Molded Crabmeat Mousse""","""309""",""" bottled seafood sauce """,40.0,"""2568""",""" peanut sauce """,32.527472527472526
"""1195""","""Molded Crabmeat Mousse""","""309""",""" bottled seafood sauce """,40.0,"""2611""",""" sour pickle relish """,34.02298850574713
"""1195""","""Molded Crabmeat Mousse""","""309""",""" bottled seafood sauce """,40.0,"""3055""",""" seafood cocktail sauce """,49.33333333333333
"""1195""","""Molded Crabmeat Mousse""","""309""",""" bottled seafood sauce """,40.0,"""3397""",""" taco sauce """,28.46153846153846
"""1195""","""Molded Crabmeat Mousse""","""309""",""" bottled seafood sauce """,40.0,"""3490""",""" canned tomato sauce, no salt added """,30.833333333333332
"""1195""","""Molded Crabmeat Mousse""","""309""",""" bottled seafood sauce """,40.0,"""4086""",""" russian salad dressing """,49.33333333333333
"""1195""","""Molded Crabmeat Mousse""","""309""",""" bottled seafood sauce """,40.0,"""4087""",""" lowcal russian salad dressing """,49.33333333333333
"""1195""","""Molded Crabmeat Mousse""","""309""",""" bottled seafood sauce """,40.0,"""4172""",""" hollandaisse sauce """,44.848484848484844
"""1195""","""Molded Crabmeat Mousse""","""902""",""" crab meat """,38.666666666666664,"""3429""",""" tempeh """,28.740740740740737
"""1195""","""Molded Crabmeat Mousse""","""902""",""" crab meat """,38.666666666666664,"""3478""",""" tofu or bean curd """,36.60377358490566
"""1195""","""Molded Crabmeat Mousse""","""902""",""" crab meat """,38.666666666666664,"""4132""",""" firm Chinese-style tofu """,45.91715976331361
"""1195""","""Molded Crabmeat Mousse""","""902""",""" crab meat """,38.666666666666664,"""4149""",""" cheese and bean burrito """,32.19917012448133
"""1195""","""Molded Crabmeat Mousse""","""902""",""" crab meat """,38.666666666666664,"""4152""",""" taco """,43.84180790960452
"""1196""","""Cracked Wheat and Seafood Casserole""","""3352""",""" surimi seafood chunks or flake style """,77.33333333333333,"""1065""",""" dried frozen tofu """,71.91469681397741
"""1196""","""Cracked Wheat and Seafood Casserole""","""3352""",""" surimi seafood chunks or flake style """,77.33333333333333,"""1102""",""" dried shrimp """,58.31083333333334
"""1197""","""Wisconsin Berry Celebration Shrimp Salad""","""1977""",""" large shrimp """,142.1875,"""3429""",""" tempeh """,173.48624999999998
"""1198""","""Soy Barbecued Shrimp""","""1977""",""" large shrimp """,227.5,"""4151""",""" cheese enchilada """,166.10035211267606
"""1199""","""Catfish and Wild Rice Soup""","""574""",""" catfish fillet """,151.66666666666666,"""155""",""" bean curd """,133.0954954954955
"""1199""","""Catfish and Wild Rice Soup""","""574""",""" catfish fillet """,151.66666666666666,"""1244""",""" firm tofu """,134.30545454545452
"""1199""","""Catfish and Wild Rice Soup""","""638""",""" chicken broth """,200.0,"""311""",""" bouillon cube """,143.43300970873787
"""1199""","""Catfish and Wild Rice Soup""","""638""",""" chicken broth """,200.0,"""346""",""" broth or low-sodium bouillon """,143.43300970873787
"""1199""","""Catfish and Wild Rice Soup""","""638""",""" chicken broth """,200.0,"""4114""",""" cond. tomato rice soup """,238.28387096774193
"""1199""","""Catfish and Wild Rice Soup""","""638""",""" chicken broth """,200.0,"""4119""",""" tomato bisque soup """,187.00759493670884
"""1202""","""Shark Kabobs""","""3096""",""" shark steak """,113.75,"""4151""",""" cheese enchilada """,84.31161971830984
"""1203""","""Mushroom Baked Sole""","""3259""",""" sole fillet """,113.75,"""1103""",""" dried shrimp powder """,110.1315789473684
"""1206""","""Surimi Seafood Pilaf""","""725""",""" chunk-style surimi seafood """,58.0,"""1103""",""" dried shrimp powder """,64.22462406015038
"""1208""","""Long Island Fisherman Stew""","""1252""",""" fish fillet """,75.83333333333333,"""1103""",""" dried shrimp powder """,60.97756109022557
"""1209""","""Saffron Crawfish Risotto""","""918""",""" crawfish tails """,37.916666666666664,"""1103""",""" dried shrimp powder """,41.271036967418546
"""1210""","""Baked Sole Pacifica""","""3259""",""" sole fillet """,113.75,"""3478""",""" tofu or bean curd """,92.14622641509432
"""1210""","""Baked Sole Pacifica""","""3259""",""" sole fillet """,113.75,"""4132""",""" firm Chinese-style tofu """,115.59171597633134
"""1210""","""Baked Sole Pacifica""","""3259""",""" sole fillet """,113.75,"""4149""",""" cheese and bean burrito """,81.05809128630703
"""1210""","""Baked Sole Pacifica""","""3259""",""" sole fillet """,113.75,"""4152""",""" taco """,110.36723163841805
"""1217""","""Catfish Pasta Primavera""","""574""",""" catfish fillet """,113.75,"""1103""",""" dried shrimp powder """,86.52126409774434
"""1219""","""Crab Linguine""","""902""",""" crab meat """,37.916666666666664,"""1103""",""" dried shrimp powder """,33.25563909774435
"""1376""","""Onion-Beer Tri-Tip Roast""","""4470""",""" beef tri-tip roast """,455.0,"""155""",""" bean curd """,382.10810810810796
"""1376""","""Onion-Beer Tri-Tip Roast""","""4470""",""" beef tri-tip roast """,455.0,"""1244""",""" firm tofu """,385.581818181818
"""1432""","""Curried Chicken Livers Topped Spud""","""651""",""" chicken liver """,113.75,"""1103""",""" dried shrimp powder """,84.94454887218045